id,name,tenure,team,teamType,role,subtext,bio,achievements,image,bgVideo,accentColor,github,linkedin
1,Mohit Patil,2024–25,Core Team,,President,2024–25 Tenure,"Driving chapter vision, strategic initiatives, partnerships, and high-impact student tech programs.",,assets/images/members/old_2025_mohit_patil.jpg,assets/videos/10405281-hd_3840_2160_30fps.mp4,#ffb900,https://github.com/MohitPatil0965,https://www.linkedin.com/in/mohit-patil-632061289?utm_source=share&utm_campaign=share_via&utm_content=profile&utm_medium=android_app
2,Aaditya Deshpande,2024–25,Event Management,,Event Management Head,2024–25 Tenure,"Directing flagship hackathons, technical speaker series, and participant experience.",,assets/images/members/old_2025_aaditya_deshpande.jpg,assets/videos/10405281-hd_3840_2160_30fps.mp4,#f25022,https://github.com/desh-aaditya,https://www.linkedin.com/in/aaditya-deshpande-b90550292?utm_source=share&utm_campaign=share_via&utm_content=profile&utm_medium=android_app
3,Smit Sawarkar,2024–25,Event Management,,Event Management Lead,2024–25 Tenure,"Directing flagship hackathons, technical speaker series, and participant experience.",,assets/images/members/old_2025_smit_sawarkar.jpg,assets/videos/10405281-hd_3840_2160_30fps.mp4,#f25022,https://github.com/smit-585,http://www.linkedin.com/in/smitsawarkar
4,Ananya Gawade,2024–25,Accounts & Finance,,Accounts and Finance Head,2024–25 Tenure,"Managing chapter budget allocations, financial audits, and sponsor fund disbursement.",,assets/images/members/old_2025_ananya_gawade.jpg,assets/videos/10405281-hd_3840_2160_30fps.mp4,#f25022,https://github.com/AnanyaGawade,http://www.linkedin.com/in/ananya-gawade
5,Bhumika Nehete,2024–25,Sponsorship & Marketing,,Sponsorship and Marketing Head,2024–25 Tenure,"Forging industry partnerships, corporate sponsorships, and campus marketing campaigns.",,assets/images/members/old_2025_bhumika_nehete.jpg,assets/videos/10405281-hd_3840_2160_30fps.mp4,#f25022,https://github.com,https://www.linkedin.com/in/bhumikanehete/
6,Arpita Patki,2024–25,Sponsorship & Marketing,,Sponsorship and Marketing Lead,2024–25 Tenure,"Forging industry partnerships, corporate sponsorships, and campus marketing campaigns.",,assets/images/members/old_2025_arpita_patki.jpg,assets/videos/10405281-hd_3840_2160_30fps.mp4,#f25022,https://github.com/arpitapatki,https://www.linkedin.com/in/arpita-r-patki-3821b2312
7,Sarthak Bagde,2024–25,Sponsorship & Marketing,,Sponsorship and Marketing Lead,2024–25 Tenure,"Forging industry partnerships, corporate sponsorships, and campus marketing campaigns.",,assets/images/members/old_2025_sarthak_bagde.jpg,assets/videos/10405281-hd_3840_2160_30fps.mp4,#f25022,https://github.com,http://www.linkedin.com/in/sarthakbagde
8,Nandkishor Vasi,2024–25,Web Development,,Web Development Head,2024–25 Tenure,"Architecting scalable web platforms, responsive portals, and mentoring club web developers.",,assets/images/members/old_2025_nandkishor_vasi.jpg,assets/videos/10405281-hd_3840_2160_30fps.mp4,#38bdf8,https://github.com/nandkishor-vasi,https://linkedin.com/in/nandkishor-vasi
9,Aditya Gavali,2024–25,Web Development,,Web Development Lead,2024–25 Tenure,"Architecting scalable web platforms, responsive portals, and mentoring club web developers.",,assets/images/members/old_2025_aditya_gavali.jpg,assets/videos/10405281-hd_3840_2160_30fps.mp4,#38bdf8,https://github.com/Aditya2860,http://linkedin.com/in/aditya2860c
10,Rouchi Mahajan,2024–25,AI / ML,,AI/DS Head,2024–25 Tenure,"Spearheading AI/ML research initiatives, neural model architectures, and data-driven systems.",,assets/images/members/old_2025_rouchi_mahajan.jpg,assets/videos/10405281-hd_3840_2160_30fps.mp4,#34d399,https://github.com/rouchi-11,https://www.linkedin.com/in/rouchi-mahajan-94a4a7292?utm_source=share&utm_campaign=share_via&utm_content=profile&utm_medium=android_app
11,Adway Aghor,2024–25,AI / ML,,AI/DS Lead,2024–25 Tenure,"Spearheading AI/ML research initiatives, neural model architectures, and data-driven systems.",,assets/images/members/old_2025_adway_aghor.jpg,assets/videos/10405281-hd_3840_2160_30fps.mp4,#34d399,https://github.com/adwayaghor,https://www.linkedin.com/in/adway-aghor-11060a292?utm_source=share&utm_campaign=share_via&utm_content=profile&utm_medium=android_app
12,Pruthviraj Desale,2024–25,CP,,Competitive programming Head,2024–25 Tenure,"Directing algorithmic bootcamps, contest strategies, and advanced problem-solving tracks.",,assets/images/members/old_2025_pruthviraj_desale.jpg,assets/videos/10405281-hd_3840_2160_30fps.mp4,#a855f7,https://github.com/pruthviraj-desale,https://www.linkedin.com/in/pruthviraj-desale
13,Rushikesh Nakhale,2024–25,CP,,Competitive programming Lead,2024–25 Tenure,"Directing algorithmic bootcamps, contest strategies, and advanced problem-solving tracks.",,assets/images/members/old_2025_rushikesh_nakhale.jpg,assets/videos/10405281-hd_3840_2160_30fps.mp4,#a855f7,https://github.com/rushinakhale115,https://www.linkedin.com/in/rushikesh-nakhale
14,Kshitij Hedau,2024–25,UI / UX & Design,,Design and Media Head,2024–25 Tenure,"Crafting unified brand identities, digital design systems, and creative visual guidelines.",,assets/images/members/old_2025_kshitij_hedau.jpg,assets/videos/10405281-hd_3840_2160_30fps.mp4,#ec4899,https://github.com/Herostomo,https://www.linkedin.com/in/kshitij-hedau-8084aa292/
15,Yashraj Rajapure,2024–25,Videography & Media,,Videography and Photography Head,2024–25 Tenure,"Capturing high-energy chapter moments, keynote recaps, and producing cinematic event trailers.",,assets/images/members/old_2025_yashraj_rajapure.jpg,assets/videos/10405281-hd_3840_2160_30fps.mp4,#ec4899,https://github.com/YASHRAJ-81,https://www.linkedin.com/in/yashraj-rajapure-2929a0293/
16,Indranil Kenekar,2024–25,Videography & Media,,Videography Head,2024–25 Tenure,"Capturing high-energy chapter moments, keynote recaps, and producing cinematic event trailers.",,assets/images/members/old_2025_indranil_kenekar.jpg,assets/videos/10405281-hd_3840_2160_30fps.mp4,#ec4899,https://github.com,https://www.linkedin.com/in/indranil-kenekar-490550292?utm_source=share&utm_campaign=share_via&utm_content=profile&utm_medium=android_app
17,Rachana Dixit,2024–25,Videography & Media,,Design and media Lead,2024–25 Tenure,"Directing creative media collaterals, visual design, and social branding initiatives.",,assets/images/members/old_2025_rachana_dixit.jpg,assets/videos/10405281-hd_3840_2160_30fps.mp4,#ec4899,https://github.com/rachanadixit,https://www.linkedin.com/in/rachana-dixit-a8906b291
18,Samarth Waghrulkar,2024–25,Web Development,,Web Development Executive,2024–25 Tenure,"Developing performant web applications, modern responsive interfaces, and robust APIs.",,assets/images/members/old_2025_samarth_waghrulkar.jpg,assets/videos/10405281-hd_3840_2160_30fps.mp4,#38bdf8,https://github.com/Samarth-06,https://www.linkedin.com/in/samarth-waghrulkar-46b854323
19,Tanvi Jadhav,2024–25,Event Management,,Event Management Executive,2024–25 Tenure,"Coordinating event logistics, participant registration flows, and workshop execution.",,assets/images/members/old_2025_tanvi_jadhav.jpg,assets/videos/10405281-hd_3840_2160_30fps.mp4,#f25022,https://github.com/Tanvi-J-24,http://www.linkedin.com/in/tanvi-jadhav
20,Apoorv Arora,2024–25,Event Management,,Event Management Executive,2024–25 Tenure,"Coordinating event logistics, participant registration flows, and workshop execution.",,assets/images/members/old_2025_apoorv_arora.png,assets/videos/10405281-hd_3840_2160_30fps.mp4,#f25022,https://github.com/Apoorv0770,https://www.linkedin.com/in/apoorv-arora01?utm_source=share&utm_campaign=share_via&utm_content=profile&utm_medium=android_app
21,Narayan Ratnaparkhe,2024–25,CP,,CP Executive,2024–25 Tenure,"Mastering advanced algorithms, data structures, and competitive contest problem solving.",,assets/images/members/old_2025_narayan_ratnaparkhe.jpg,assets/videos/10405281-hd_3840_2160_30fps.mp4,#a855f7,https://github.com/Narayan-A-R,https://www.linkedin.com/in/narayan-ratnaparkhe-12a93b30a/
22,Sanjana Biyani,2024–25,CP,,CP Executive,2024–25 Tenure,"Mastering advanced algorithms, data structures, and competitive contest problem solving.",,assets/images/members/old_2025_sanjana_biyani.jpg,assets/videos/10405281-hd_3840_2160_30fps.mp4,#a855f7,https://github.com/sanjana-991,http://www.linkedin.com/in/sanjanabiyani
23,Veerbhadra Mahant,2024–25,AI / ML,,AI/DS Executive,2024–25 Tenure,"Building intelligent models, computer vision pipelines, and predictive analytics.",,assets/images/members/old_2025_veerbhadra_mahant.jpg,assets/videos/10405281-hd_3840_2160_30fps.mp4,#34d399,https://github.com/VeerbhadraMahant,https://www.linkedin.com/in/veerbhadra-mahant-9550672b1/
24,Trijal Khade,2024–25,AI / ML,,AI/DS Executive,2024–25 Tenure,"Building intelligent models, computer vision pipelines, and predictive analytics.",,assets/images/members/old_2025_trijal_khade.jpg,assets/videos/10405281-hd_3840_2160_30fps.mp4,#34d399,https://github.com/Trijalkhade,https://www.linkedin.com/in/trijalkhade
25,Ved Jadhav,2024–25,UI / UX & Design,,Design and Media Executive,2024–25 Tenure,"Designing intuitive UI layouts, visual illustrations, and promotional creative assets.",,assets/images/members/old_2025_ved_jadhav.jpg,assets/videos/10405281-hd_3840_2160_30fps.mp4,#ec4899,https://github.com/ved-jadhav-10,https://www.linkedin.com/in/vedjadhav
26,Sumaira Mulla,2024–25,UI / UX & Design,,Design and Media Executive,2024–25 Tenure,"Designing intuitive UI layouts, visual illustrations, and promotional creative assets.",,assets/images/members/old_2025_sumaira_mulla.png,assets/videos/10405281-hd_3840_2160_30fps.mp4,#ec4899,https://github.com/sumairamulla07,https://www.linkedin.com/in/sumaira-m-523588313/
27,Ninad Ashok Mande,2024–25,Event Management,,Management and Logistics Executive,2024–25 Tenure,"Orchestrating hardware resources, venue infrastructure, and smooth event operations.",,assets/images/members/old_2025_ninad_ashok_mande.jpg,assets/videos/10405281-hd_3840_2160_30fps.mp4,#f25022,https://github.com/ninad-byte,http://www.linkedin.com/in/ninad-mande-36737b251
28,Omkar Nikam,2024–25,Sponsorship & Marketing,,Sponsorship and Marketing Executive,2024–25 Tenure,"Driving sponsor outreach, promotional media strategy, and community engagement.",,assets/images/members/old_2025_omkar_nikam.jpg,assets/videos/10405281-hd_3840_2160_30fps.mp4,#f25022,https://github.com/OMKAR-PSN,https://www.linkedin.com/in/omkar-nikam-436b27370/
29,Sharvil Patil,2024–25,Sponsorship & Marketing,,Sponsorship and Marketing Executive,2024–25 Tenure,"Driving sponsor outreach, promotional media strategy, and community engagement.",,assets/images/members/old_2025_sharvil_patil.jpg,assets/videos/10405281-hd_3840_2160_30fps.mp4,#f25022,https://github.com/sharv18,http://www.linkedin.com/in/sharvil-patil-337ab1316
30,Madhav Khobare,2024–25,Sponsorship & Marketing,,Sponsorship and Marketing Executive,2024–25 Tenure,"Driving sponsor outreach, promotional media strategy, and community engagement.",,assets/images/members/old_2025_madhav_khobare.jpg,assets/videos/10405281-hd_3840_2160_30fps.mp4,#f25022,https://github.com/MadhavK3,https://in.linkedin.com/in/madhav-khobare-782a0432a
31,Isha Thakur,2024–25,Sponsorship & Marketing,,Sponsorship and Marketing Executive,2024–25 Tenure,"Driving sponsor outreach, promotional media strategy, and community engagement.",,assets/images/members/old_2025_isha_thakur.jpg,assets/videos/10405281-hd_3840_2160_30fps.mp4,#f25022,https://github.com/isha1296,https://www.linkedin.com/in/isha-thakur-80229a2a0/
32,Aryan Patel,2024–25,Accounts & Finance,,Accounts & Finance Executive,2024–25 Tenure,"Managing chapter budget allocations, financial audits, and sponsor fund disbursement.",,assets/images/members/old_2025_aryan_patel.jpg,assets/videos/10405281-hd_3840_2160_30fps.mp4,#f25022,https://github.com/aryan051106,https://www.linkedin.com/in/aryan-patel-a26a0632a?utm_source=share&utm_campaign=share_via&utm_content=profile&utm_medium=android_app
33,Tejal Jadhav,2024–25,Accounts & Finance,,Accounts and Finance Executive,2024–25 Tenure,"Managing chapter budget allocations, financial audits, and sponsor fund disbursement.",,assets/images/members/old_2025_tejal_jadhav.jpg,assets/videos/10405281-hd_3840_2160_30fps.mp4,#f25022,https://github.com/TejalJ357,http://www.linkedin.com/in/tejal-j
34,Harsh Gulhane,2023–24,Core Team,,President,2023–24 Tenure,"Driving chapter vision, strategic initiatives, partnerships, and high-impact student tech programs.",,assets/images/members/old_2024_harsh_gulhane.jpg,assets/videos/10405281-hd_3840_2160_30fps.mp4,#ffb900,https://github.com,https://www.linkedin.com/in/harsh-gulhane-78a484259/
35,Payal Pawar,2023–24,Event Management,,Event Management Head,2023–24 Tenure,"Directing flagship hackathons, technical speaker series, and participant experience.",,assets/images/members/old_2024_payal_pawar.jpg,assets/videos/10405281-hd_3840_2160_30fps.mp4,#f25022,https://github.com/payalpawar9579/payalpawar9579,http://www.linkedin.com/in/payal-pawar-357243288
36,Revati Keskar,2023–24,Sponsorship & Marketing,,Sponsorship and Marketing Head,2023–24 Tenure,"Forging industry partnerships, corporate sponsorships, and campus marketing campaigns.",,assets/images/members/old_2024_revati_keskar.png,assets/videos/10405281-hd_3840_2160_30fps.mp4,#f25022,https://github.com/RevatiKeskar,https://www.linkedin.com/in/revatikeskar
37,Pawan Patil,2023–24,Web Development,,Web Development Lead,2023–24 Tenure,"Architecting scalable web platforms, responsive portals, and mentoring club web developers.",,assets/images/members/old_2024_pawan_patil.jpg,assets/videos/10405281-hd_3840_2160_30fps.mp4,#38bdf8,https://github.com/pawanp51,https://www.linkedin.com/in/pawan-patil51
38,Sarthak Joshi,2023–24,Web Development,,Web Development Head,2023–24 Tenure,"Architecting scalable web platforms, responsive portals, and mentoring club web developers.",,assets/images/members/old_2024_sarthak_joshi.jpg,assets/videos/10405281-hd_3840_2160_30fps.mp4,#38bdf8,https://github.com/Joshi-Sarthak,https://www.linkedin.com/in/sarthak-joshi-a98840259/
39,Adinath Yadav,2023–24,CP,,Competitive Programming Head,2023–24 Tenure,"Directing algorithmic bootcamps, contest strategies, and advanced problem-solving tracks.",,assets/images/members/old_2024_adinath_yadav.jpg,assets/videos/10405281-hd_3840_2160_30fps.mp4,#a855f7,https://github.com/adinathyadav2002,https://www.linkedin.com/in/adinath-yadav-50a294251/
40,Siddhesh Patil,2023–24,CP,,Competitive Programming Lead,2023–24 Tenure,"Directing algorithmic bootcamps, contest strategies, and advanced problem-solving tracks.",,assets/images/members/old_2024_siddhesh_patil.jpg,assets/videos/10405281-hd_3840_2160_30fps.mp4,#a855f7,https://github.com/siddhesh-patil,https://www.linkedin.com/in/siddhesh-patil
41,Tushar Badlani,2023–24,AI / ML,,AI/DS Head,2023–24 Tenure,"Spearheading AI/ML research initiatives, neural model architectures, and data-driven systems.",,assets/images/members/old_2024_tushar_badlani.jpg,assets/videos/10405281-hd_3840_2160_30fps.mp4,#34d399,https://github.com/tushar-badlani,https://www.linkedin.com/in/tushar-badlanii/
42,Anish Patade,2023–24,AI / ML,,AI/DS Lead,2023–24 Tenure,"Spearheading AI/ML research initiatives, neural model architectures, and data-driven systems.",,assets/images/members/old_2024_anish_patade.jpg,assets/videos/10405281-hd_3840_2160_30fps.mp4,#34d399,https://github.com/sensational03,https://www.linkedin.com/in/anish-patade-197967242/
43,Kunal Pawara,2023–24,Videography & Media,,Media Lead,2023–24 Tenure,"Directing creative media collaterals, visual design, and social branding initiatives.",,assets/images/members/old_2024_kunal_pawara.jpg,assets/videos/10405281-hd_3840_2160_30fps.mp4,#ec4899,https://github.com/KunalPawara,https://www.linkedin.com/in/kunal-pawara2004/
44,Aaditya Deshpande,2023–24,Event Management,,Event Management Team,2023–24 Tenure,"Coordinating event logistics, participant registration flows, and workshop execution.",,assets/images/members/old_2024_aaditya_deshpande.jpg,assets/videos/10405281-hd_3840_2160_30fps.mp4,#f25022,https://github.com,https://www.linkedin.com/in/aaditya-deshpande-b90550292
45,Smit Sawarkar,2023–24,Event Management,,Event Management Team,2023–24 Tenure,"Coordinating event logistics, participant registration flows, and workshop execution.",,assets/images/members/old_2024_smit_sawarkar.jpg,assets/videos/10405281-hd_3840_2160_30fps.mp4,#f25022,https://github.com,https://www.linkedin.com/in/smit-sawarkar-016006324?utm_source=share&utm_campaign=share_via&utm_content=profile&utm_medium=android_app
46,Apoorv Arora,2023–24,Event Management,,Event Management Team,2023–24 Tenure,"Coordinating event logistics, participant registration flows, and workshop execution.",,assets/images/members/old_2024_apoorv_arora.jpg,assets/videos/10405281-hd_3840_2160_30fps.mp4,#f25022,https://github.com,https://www.linkedin.com/in/apoorv-arora-77886727b?utm_source=share&utm_campaign=share_via&utm_content=profile&utm_medium=android_app
47,Ananya Gawade,2023–24,Event Management,,Event Management Team,2023–24 Tenure,"Coordinating event logistics, participant registration flows, and workshop execution.",,assets/images/members/old_2024_ananya_gawade.jpg,assets/videos/10405281-hd_3840_2160_30fps.mp4,#f25022,https://github.com/AnanyaGawade,https://www.linkedin.com/in/ananya-gawade-613b46292?utm_source=share&utm_campaign=share_via&utm_content=profile&utm_medium=android_app
48,Nishaad Gangal,2023–24,CP,,Competitive Programming Team,2023–24 Tenure,"Mastering advanced algorithms, data structures, and competitive contest problem solving.",,assets/images/members/old_2024_nishaad_gangal.jpg,assets/videos/10405281-hd_3840_2160_30fps.mp4,#a855f7,https://github.com/NishaadG,https://www.linkedin.com/in/nishaad-gangal-943210290?utm_source=share&utm_campaign=share_via&utm_content=profile&utm_medium=android_app
49,Rohan Adkine,2023–24,CP,,Competitive Programming Team,2023–24 Tenure,"Mastering advanced algorithms, data structures, and competitive contest problem solving.",,assets/images/members/old_2024_rohan_adkine.jpg,assets/videos/10405281-hd_3840_2160_30fps.mp4,#a855f7,https://github.com/RohanAdkine,https://www.linkedin.com/in/rohan-adkine-401630214/
50,Piyush Badgujar,2023–24,Web Development,,Web Development Team,2023–24 Tenure,"Developing performant web applications, modern responsive interfaces, and robust APIs.",,assets/images/members/old_2024_piyush_badgujar.png,assets/videos/10405281-hd_3840_2160_30fps.mp4,#38bdf8,https://github.com/piyushbagujar,http://www.linkedin.com/in/piyush-badgujar-jalgaon
51,Mohit Patil,2023–24,Web Development,,Web Development Team,2023–24 Tenure,"Developing performant web applications, modern responsive interfaces, and robust APIs.",,assets/images/members/old_2024_mohit_patil.jpg,assets/videos/10405281-hd_3840_2160_30fps.mp4,#38bdf8,https://github.com,https://www.linkedin.com/in/mohit-patil-632061289?utm_source=share&utm_campaign=share_via&utm_content=profile&utm_medium=android_app
52,Keyura Motegaonkar,2023–24,AI / ML,,AI/DS Team,2023–24 Tenure,"Building intelligent models, computer vision pipelines, and predictive analytics.",,assets/images/members/old_2024_keyura_motegaonkar.jpg,assets/videos/10405281-hd_3840_2160_30fps.mp4,#34d399,https://github.com,https://linkedin.com/in/keyura-motegaonkar-50043a25a
53,Varad Rane,2023–24,AI / ML,,AI/DS Team,2023–24 Tenure,"Building intelligent models, computer vision pipelines, and predictive analytics.",,assets/images/members/old_2024_varad_rane.jpg,assets/videos/10405281-hd_3840_2160_30fps.mp4,#34d399,https://github.com/VaradRane12,https://www.linkedin.com/in/varad-rane1244/
54,Kshitij Hedau,2023–24,UI / UX & Design,,Design Team,2023–24 Tenure,"Designing intuitive UI layouts, visual illustrations, and promotional creative assets.",,assets/images/members/old_2024_kshitij_hedau.jpg,assets/videos/10405281-hd_3840_2160_30fps.mp4,#ec4899,https://github.com/Herostomo,https://www.linkedin.com/in/kshitij-hedau-8084aa292?utm_source=share&utm_campaign=share_via&utm_content=profile&utm_medium=android_app
55,Sparsh Gandhi,2023–24,UI / UX & Design,,Design Team,2023–24 Tenure,"Designing intuitive UI layouts, visual illustrations, and promotional creative assets.",,assets/images/members/old_2024_sparsh_gandhi.jpg,assets/videos/10405281-hd_3840_2160_30fps.mp4,#ec4899,https://github.com/sparsh3104,https://www.linkedin.com/in/sparsh-gandhi-224b84312
56,Rachana Dixit,2023–24,UI / UX & Design,,Design Team,2023–24 Tenure,"Designing intuitive UI layouts, visual illustrations, and promotional creative assets.",,assets/images/members/old_2024_rachana_dixit.jpg,assets/videos/10405281-hd_3840_2160_30fps.mp4,#ec4899,https://github.com/rachanadixit,https://www.linkedin.com/in/rachana-dixit-a8906b291?utm_source=share&utm_campaign=share_via&utm_content=profile&utm_medium=android_app
57,Aniket Damedhar,2023–24,UI / UX & Design,,Design and media Team,2023–24 Tenure,"Designing intuitive UI layouts, visual illustrations, and promotional creative assets.",,assets/images/members/old_2024_aniket_damedhar.jpg,assets/videos/10405281-hd_3840_2160_30fps.mp4,#ec4899,https://github.com/Aniket93227,https://www.linkedin.com/in/aniketd1604/
58,Shubhang Gandhi,2023–24,UI / UX & Design,,Design Team,2023–24 Tenure,"Designing intuitive UI layouts, visual illustrations, and promotional creative assets.",,assets/images/members/old_2024_shubhang_gandhi.jpg,assets/videos/10405281-hd_3840_2160_30fps.mp4,#ec4899,https://github.com,https://www.linkedin.com/in/shubhang-gandhi-634553292
59,Sarthak Bagde,2023–24,Sponsorship & Marketing,,Sponsorship and Marketing Team,2023–24 Tenure,"Driving sponsor outreach, promotional media strategy, and community engagement.",,assets/images/members/old_2024_sarthak_bagde.jpg,assets/videos/10405281-hd_3840_2160_30fps.mp4,#f25022,https://github.com,https://www.linkedin.com/in/sarthakbagde?utm_source=share&utm_campaign=share_via&utm_content=profile&utm_medium=android_app
60,Bhumika Nehete,2023–24,Sponsorship & Marketing,,Sponsorship and Marketing Team,2023–24 Tenure,"Driving sponsor outreach, promotional media strategy, and community engagement.",,assets/images/members/old_2024_bhumika_nehete.jpg,assets/videos/10405281-hd_3840_2160_30fps.mp4,#f25022,https://github.com,https://in.linkedin.com/in/bhumika-nehete-8023922bb
61,Amrita Iyer,2023–24,Sponsorship & Marketing,,Sponsorship and Marketing Team,2023–24 Tenure,"Driving sponsor outreach, promotional media strategy, and community engagement.",,assets/images/members/old_2024_amrita_iyer.jpg,assets/videos/10405281-hd_3840_2160_30fps.mp4,#f25022,https://github.com,https://linkedin.com
62,Indranil Kenekar,2023–24,Videography & Media,,Video editing and photography Team,2023–24 Tenure,"Capturing high-energy chapter moments, keynote recaps, and producing cinematic event trailers.",,assets/images/members/old_2024_indranil_kenekar.jpg,assets/videos/10405281-hd_3840_2160_30fps.mp4,#ec4899,https://github.com,https://www.linkedin.com/in/indranil-kenekar-490550292?utm_source=share&utm_campaign=share_via&utm_content=profile&utm_medium=android_app
63,Yash Somwanshi,2023–24,Videography & Media,,Video editing and photography Team,2023–24 Tenure,"Capturing high-energy chapter moments, keynote recaps, and producing cinematic event trailers.",,assets/images/members/old_2024_yash_somwanshi.jpg,assets/videos/10405281-hd_3840_2160_30fps.mp4,#ec4899,https://github.com/YashSomwanshi,https://www.linkedin.com/in/yash-somwanshi-3670b2292?utm_source=share&utm_campaign=share_via&utm_content=profile&utm_medium=android_app
64,Ved Jadhav,Current Year (2025–26),Core Team,Core,President,TY,"Driving strategic club vision, partnerships, developer community building, and high-impact campus tech initiatives.",Will fill later 🙏,assets/images/members/Ved_Jadhav.png,assets/videos/10405281-hd_3840_2160_30fps.mp4,#ffb900,https://github.com/ved-jadhav-10,https://www.linkedin.com/in/vedjadhav
65,Sharvil Patil,Current Year (2025–26),Core Team,Core,Vice President,SY,"Directing flagship BlueBit hackathons, speaker series, community partnerships, and technical bootcamps.",,assets/images/members/Sharvil_Patil.jpg,assets/videos/10405281-hd_3840_2160_30fps.mp4,#f25022,https://github.com/sharvilpatil,https://linkedin.com/in/sharvilpatil
66,Isha Thakur,Current Year (2025–26),Core Team,Core,General Secretary,TY,"I’m Isha Thakur, currently pursuing my degree in Computer Science and Engineering with a specialization in Artificial Intelligence & Machine Learning. I’m passionate about exploring AI and turning ideas into solutions for real-world challenges. As a General Secretary, I’ve developed a strong interest in leadership, teamwork, and creating an impact beyond the classroom. I believe that “growth begins when we step beyond what feels comfortable and choose to create something meaningful.” I’m always curious to learn, build, lead, and take on new challenges—with the goal of making technology more purposeful and impactful.","Finalist – National-Level Hackathon, India Innovates, held at Bharat Mandapam, New Delhi.",assets/images/members/old_2025_isha_thakur.jpg,assets/videos/10405281-hd_3840_2160_30fps.mp4,#ffb900,https://github.com/isha1296,https://www.linkedin.com/in/isha-thakur12/
67,Chinmay Ahire,Current Year (2025–26),DevOps,Tech,DevOps Lead,TY,"Third-year Computer Engineering student focusing on cloud infrastructure, DevOps pipelines, containerized architectures, and automated system deployment.",-,assets/images/members/Chinmay_Ahire.png,assets/videos/10405281-hd_3840_2160_30fps.mp4,#0ea5e9,https://github.com/THE-DEDUCTER,https://www.linkedin.com/in/chinmay-ahire
68,Nirav Neve,Current Year (2025–26),DevOps,Tech,DevOps Executive,SY,"Second-year engineering student building automated deployment pipelines, database architectures, containerized services, and resilient backend systems.",,assets/images/members/Nirav_Neve.png,assets/videos/10405281-hd_3840_2160_30fps.mp4,#0ea5e9,https://github.com/NotNirav,https://www.linkedin.com/in/nirav-neve-b452183a1/
69,Khushi Kolhe,Current Year (2025–26),DevOps,Tech,DevOps Executive,SY,"I’m a SY BTech IT student with a keen interest in programming and project development. I like turning ideas into practical projects and learning through building, experimenting, and solving problems. I’m particularly interested in hackathons because I enjoy the creativity, innovation, and excitement of building something new while learning along the way. I’m always curious to explore new ideas, learn new things, and grow through hands-on experiences.",Working,assets/images/members/Khushi Kolhe.jpg,assets/videos/10405281-hd_3840_2160_30fps.mp4,#0ea5e9,https://github.com/khushikolhe,https://www.linkedin.com/in/khushi-kolhe-809a77379/
70,Sanika Shinde,Current Year (2025–26),DevOps,Tech,DevOps Executive,SY,"I am SY B.Tech Information Technology student at PCCOE with a strong interest in programming, problem-solving, and technology. I enjoy learning by building projects, experimenting with new ideas, and understanding how different concepts work in real-world situations. I’m particularly interested in DSA, development, and exploring new technologies. Hackathons and team projects excite me because they give me a chance to think creatively, learn from others, and turn an idea into something useful. I believe that consistent practice, curiosity, and the willingness to learn from mistakes are important for growth. I’m always looking forward to learning something new, taking on challenges, and becoming a better version of myself as a developer.",Working,assets/images/members/Sanika Shinde.png,assets/videos/10405281-hd_3840_2160_30fps.mp4,#0ea5e9,https://github.com/sanika2506,https://www.linkedin.com/in/sanika-shinde-472757386/
71,Badal Dadwani,Current Year (2025–26),AI / ML,Tech,AI / ML Lead,TY,"I’m a third-year B.Tech IT student focused on building practical solutions at the intersection of AI, software, and emerging technologies. I’ve won multiple national-level hackathons and earned recognition at international competitions, consistently turning ideas into impactful, working solutions. I’m passionate about AI/ML, innovation, and leading teams to build, experiment, and compete at a higher level.",...,assets/images/members/Badal Dadwani.png,assets/videos/10405281-hd_3840_2160_30fps.mp4,#34d399,https://github.com/Badal023,https://www.linkedin.com/in/badaldadwani
72,Aryan Patil,Current Year (2025–26),AI / ML,Tech,AI / ML Executive,SY,"Building deep neural networks, computer vision models, and automated evaluation frameworks for machine learning systems.",I dont have any,assets/images/members/Aryan Patel.png,assets/videos/10405281-hd_3840_2160_30fps.mp4,#34d399,,
73,Parth Popli,Current Year (2025–26),AI / ML,Tech,AI / ML Executive,SY,Full time vibe coder,Comming soon ....!,assets/images/members/Parth_Popli.png,assets/videos/10405281-hd_3840_2160_30fps.mp4,#34d399,https://github.com/Parth19102006,https://www.linkedin.com/in/parth-popli-5012b3386
74,Prem Thakur,Current Year (2025–26),Cyber Security,Tech,Cyber Security Lead,SY,"Second-year student specializing in network security, authentication systems, vulnerability analysis, and student cyber defense practices.",Working,assets/images/members/prem thakur.jpg,assets/videos/10405281-hd_3840_2160_30fps.mp4,#ef4444,https://github.com/prem-thakur00,https://www.linkedin.com/in/prem--thakur/
75,Srushti Gaikwad,Current Year (2025–26),Cyber Security,Tech,Cyber Security Executive,SY,"Second-year student exploring cybersecurity principles, threat defense models, security audits, and systems security protocols.",,assets/images/members/Srushti Gaikwad.png,assets/videos/10405281-hd_3840_2160_30fps.mp4,#ef4444,,
76,Anjali Borse,Current Year (2025–26),CP,Tech,CP Lead,SY,"I’m Anjali, a second-year B.Tech Information Technology student at PCCOE with a strong interest in programming, logical thinking, and problem-solving. I have a particular interest in C programming and enjoy solving challenging programming and logical problems. I dedicate time every day to solving questions on HackerRank, which helps me continuously improve my problem-solving and coding skills.I enjoy learning through practical experience, exploring new technologies, and understanding how concepts can be applied to real-world problems. I believe consistency and continuous practice are key to becoming a better programmer. I’m always eager to take on new challenges, strengthen my technical skills, and turn problems into practical solutions.",Working,assets/images/members/Anjali Borse.png,assets/videos/10405281-hd_3840_2160_30fps.mp4,#a855f7,https://github.com/anjaliborse27-ops,https://www.linkedin.com/in/anjali-borse-5936a93a1/
77,Madhav Khobare,Current Year (2025–26),Operations,Non-Tech,Operations Lead,TY,"I’m Madhav Khobare, a third-year B.Tech Information Technology student at Pimpri Chinchwad College of Engineering (PCCOE), passionate about building practical, real-world solutions that create meaningful impact. I am curious, driven, and enjoy turning ideas into reality through creativity, problem-solving, and continuous learning. I enjoy taking ideas from concept to execution - designing, developing, prototyping, and presenting solutions that address real problems. This approach has led me to actively participate in hackathons, innovation challenges, and startup competitions, where I have secured multiple wins and recognitions, including a first prize at a national hackathon, an international IEEE pitching award, and an innovation grant from La Trobe University, Australia. Through my projects and experiences at PCCOE, I have explored different areas of technology while focusing on practical usability and innovation. I am passionate about learning, collaborating with others, and using my knowledge to develop solutions that can make a positive difference. With a strong academic record and recognition as an IT Department Topper, I am continuously working to grow as a professional, take on new challenges, and contribute to impactful initiatives.","1. 1st Prize - Alphabyte 3.0 (24-Hour Hackathon) | 2. 3rd Prize - IEEE R10 ACEI INV.ENT Pitch Competition 2026 | 3. 2× IEEE Competition Winner - 2025 & 2026 | 4. AUD $750 Innovation Grant Recipient - La Trobe University, Australia | 5. Top Innovator - AI for Bharat National Level Hackathon (by AWS) | 6. IT Department Topper Medalist | 7. Finalist - Hackswagon 36-Hour Hackathon | 8. Finalist - Hacktopia 24-Hour Hackathon | 9. Finalist - NMIET Ideathon",assets/images/members/old_2025_madhav_khobare.jpg,assets/videos/10405281-hd_3840_2160_30fps.mp4,#f97316,https://github.com/MadhavK3,https://www.linkedin.com/in/madhav-khobare
78,Sharvari Deshmukh,Current Year (2025–26),Operations,Non-Tech,Operations Executive,SY,"Second-year IT student coordinating chapter operations, logistics infrastructure, equipment routing, and participant workflows.",,assets/images/members/Sharvari_Deshmukh.png,assets/videos/10405281-hd_3840_2160_30fps.mp4,#f97316,https://github.com/sharvarid035,https://www.linkedin.com/in/deshmukhsharvari/
79,Aditya Rajput,Current Year (2025–26),Management,Non-Tech,Management Lead,TY,"I'm Aditya Rajput, A Third Year student pursuing Computer Engineering at PCCOE, Akurdi. Most people overthink ideas. I focus on building fast, testing them in the real world, and figuring out what actually works. I’m a 6× national-level hackathon finalist and have built projects across agriculture, traffic systems, and AI workflows.I enjoy turning ideas into working products instead of leaving them as concepts. I follow a build-first approach. I start simple, ship quickly, and iterate based on what breaks or works. This helps me explore different domains, understand real problems, and improve both my technical and problem-solving skills over time. I work with Python, Flask, JavaScript, and full-stack development. Lately, I’ve been exploring workflow automation and AI-based systems while improving how I design and structure projects. I believe in learning through experiences and that is what my journey so far has taught me!","Name of Hackathon:- Innovik 2025 | Venue :- VITM, Indore, India | Prize:- 15K (Third Place) | Date:- 5th October 2025 | Name of Hackathon :- Navonmesh 2025 | Venue:- SSIPMT, Raipur, India | Prize:- 10K (Consolation prize) | Date:- 8th November 2025 | Name of Hackathon:- Samartha 2025 | Venue:- MBU, Tirupathi, India | Prize:- 15K (Domain Winners) | Date:- 26th October 2025 | Palash from C division was with me here | Name of Hackathon:- CodeVerse 2025 | Venue:- VIT, Pune, India | Prize:- Second Place | Date:- 25th September 2025 | Name of Hackathon:- Innoquest 2025 | Venue:- DESPU, Pune, India | Prize:- 5K (Domain Winners) | Date:- 10th October, 2025",assets/images/members/Aditya_Rajput.png,assets/videos/10405281-hd_3840_2160_30fps.mp4,#fb923c,,
80,Kashvi Patki,Current Year (2025–26),Management,Non-Tech,Management Executive,SY,"Second-year student orchestrating club management, campus community initiatives, event scheduling, and inter-chapter collaborations.",,assets/images/members/Kashvi_Patki .jpg,assets/videos/10405281-hd_3840_2160_30fps.mp4,#fb923c,,
81,Rishabh Prabhu,Current Year (2025–26),Marketing,Non-Tech,Marketing Lead,SY,"Hi, I'm Rishabh Prabhu a SY B.Tech IT student at PCCOE. I’m a tech enthusiast who loves trying out new things, building stuff, and learning along the way. I really enjoy working with people, bouncing around ideas, and being part of a team. When I’m not coding, you’ll probably find me playing football, table tennis, singing, or playing the tabla. Always up for good ideas, new experiences, and having a great time along the way!",Coming soon,assets/images/members/Rishabh Prabhu.png,assets/videos/10405281-hd_3840_2160_30fps.mp4,#06b6d4,https://github.com/Cassiopeia111,http://www.linkedin.com/in/rishabh-prabhu-o7
82,Pranav Narkhede,Current Year (2025–26),Marketing,Non-Tech,Marketing Executive,SY,"Hello, I’m Pranav, a second-year Information Technology engineering student at PCCOE. I’m passionate about programming and technology, currently strengthening my skills in coding and modern web development. I enjoy building projects, exploring new technologies, and participating in technical events and hackathons. I’m always eager to learn, collaborate, and improve my problem-solving skills.",Working,assets/images/members/Pranav_Narkhede.png,assets/videos/10405281-hd_3840_2160_30fps.mp4,#06b6d4,https://github.com/PranavN145,https://www.linkedin.com/in/pranavnarkhede31/
83,Shivanshi Bakshi,Current Year (2025–26),Marketing,Non-Tech,Marketing Executive,SY,"Second-year student fostering inter-collegiate marketing outreach, technical media PR, speaker relations, and promotional campaigns.",,assets/images/members/shivanshi.png,assets/videos/10405281-hd_3840_2160_30fps.mp4,#06b6d4,,
84,Apurv Sagare,Current Year (2025–26),Sponsorship,Non-Tech,Sponsorship Lead,TY,"I’m someone who likes exploring different things, taking on challenges, and figuring things out on my own. I enjoy technology, sports, travelling, and learning from experiences.",Searching...,assets/images/members/APURV SAGARE.jpeg,assets/videos/10405281-hd_3840_2160_30fps.mp4,#f59e0b,,
85,Akshay Pote,Current Year (2025–26),Sponsorship,Non-Tech,Sponsorship Executive,SY,"Second-year student connecting with industry sponsors, developer grants, and securing logistical funding for flagship chapter events.",N/A,assets/images/members/Akshay Pote.svg,assets/videos/10405281-hd_3840_2160_30fps.mp4,#f59e0b,https://github.com,https://linkedin.com
86,Yash Bhagodia,Current Year (2025–26),Finance,Non-Tech,Finance Lead,SY,"Hi, I’m Yash Bhagodia, a SY B.Tech student pursuing Computer Science and Engineering (AI & ML) at PCCOE. I’m a curious, easygoing, and hardworking person who enjoys learning new things and taking on new challenges. I like working with people, sharing ideas, and believe that good teamwork and communication make any project better. I’ve worked on projects related to the stock market and bike telemetry, which gave me a chance to explore new ideas and learn through practical experience. I’m always open to learning from others, improving myself, and trying something new.",working,assets/images/members/Yash Bhagodia_.jpg,assets/videos/10405281-hd_3840_2160_30fps.mp4,#10b981,,
87,Saksham Jagtap,Current Year (2025–26),Design,Non-Tech,Design Lead,SY,"I am a passionate B.Tech CSE (AIML) student at PCCOE driven by a deep love for coding, building smart machine learning systems, and engineering sustainable solutions. Always ready to bring crazy ideas to life, I thrive at the intersection of innovative technology and practical problem-solving. When I'm not writing code or training models, you'll likely find me keeping up with motorsports or out on a long bike ride. Driven by relentless curiosity and a constant desire to learn, I'm always looking to build, explore, and grow within the tech community.",Working,assets/images/members/Saksham Jagtap.png,assets/videos/10405281-hd_3840_2160_30fps.mp4,#ec4899,https://github.com/SakshamJagtap,https://www.linkedin.com/in/saksham-jagtap-513780320
88,Radnyee Jagtap,Current Year (2025–26),Design,Non-Tech,Design Executive,SY,"I’m a second-year Information Technology student at PCCOE, Akurdi. I’m curious, creative, and dedicated to learning new technologies, enhancing my skills, and achieving continuous personal and professional growth.",Working,assets/images/members/Radnyee Jagtap.svg,assets/videos/10405281-hd_3840_2160_30fps.mp4,#ec4899,https://github.com/radnyeesjagtap,https://www.linkedin.com/in/radnyee-jagtap-679b02423/
89,Gaurav Dhurve,Current Year (2025–26),Design,Non-Tech,Design Executive,SY,"Second-year student designing creative visual identities, UI assets, digital illustrations, and promotional media for chapter events.",working,assets/images/members/Gaurav Dhurve.svg,assets/videos/10405281-hd_3840_2160_30fps.mp4,#ec4899,https://github.com/rayflixx,https://linkedin.com
90,Mahesh Shirame,Current Year (2025–26),Social Media,Non-Tech,Social Media Lead,SY,"Second-year engineering student driving social media outreach, digital engagement, visual creative branding, and chapter event coverage.",in progress..,assets/images/members/Mahesh_Shirame.jpg,assets/videos/10405281-hd_3840_2160_30fps.mp4,#8b5cf6,,
91,Chaitanya Jadhav,Current Year (2025–26),Social Media,Non-Tech,Social Media Executive,SY,"I’m a second-year student at PCCOE and a curious tech enthusiast who enjoys learning and trying new things. I’m continuously improving my programming and logical thinking through hands-on projects and coding challenges. Beyond technology, I’m also interested in videography and video editing, where I enjoy bringing creative ideas to life through visuals. When I’m not coding or working on projects, you’ll usually find me playing badminton or exploring the world of Minecraft. I believe in learning, creating, collaborating, and enjoying the process along the way.",On the way....,assets/images/members/Chaitanya Jadhav.png,assets/videos/10405281-hd_3840_2160_30fps.mp4,#8b5cf6,https://github.com/chaitanyajadhav-07,https://www.linkedin.com/in/chaitanya-jadhav-416424377
